country,1960,1961,1962,1963,1964,1965,1966,1967,1968,1969,1970,1971,1972,1973,1974,1975,1976,1977,1978,1979,1980,1981,1982,1983,1984,1985,1986,1987,1988,1989,1990,1991,1992,1993,1994,1995,1996,1997,1998,1999,2000,2001,2002,2003,2004,2005,2006,2007,2008,2009,2010,2011,2012,2013,2014,2015,2016,2017,2018,2019,2020
Aruba,,,,,,,,,,,,,,,,,,,,,,,,,,,15.7k,18.4k,22.1k,24.8k,25.4k,26.3k,26.4k,26.7k,27.3k,26.7k,26.1k,27.2k,27.2k,27k,28.4k,27k,25.5k,25.5k,27k,27k,27k,27.4k,27.4k,24.5k,23.5k,24.2k,23.8k,24.6k,24.6k,25.8k,26.2k,26.6k,,,
Afghanistan,,,,,,,,,,,,,,,,,,,,,,,,,,,,,,,,,,,,,,,,,,,330,343,333,357,365,406,412,488,543,529,576,588,584,574,571,571,565,573,549
Angola,,,,,,,,,,,,,,,,,,,,,3190,2950,2840,2860,2930,2920,2900,2920,2990,2890,2700,2640,2400,1770,1730,1930,2120,2210,2240,2210,2210,2220,2440,2430,2610,2900,3120,3420,3670,3570,3590,3580,3750,3800,3840,3750,3530,3410,3230,3110,2890
Albania,,,,,,,,,,,,,,,,,,,,,1990,2060,2080,2060,1990,1990,2060,2000,1940,2070,1840,1330,1240,1370,1490,1700,1870,1680,1840,2090,2240,2450,2570,2730,2890,3060,3260,3490,3780,3930,4090,4210,4280,4330,4410,4520,4680,4860,5070,5210,5060
Andorra,,,,,,,,,,,41.7k,41.4k,42.6k,43.7k,44.2k,42.7k,42.6k,42.5k,41.9k,40.6k,40.1k,38.5k,37.4k,36.4k,35.5k,34.7k,34.4k,34.8k,35.2k,35.5k,35.4k,34.9k,33.9k,32.4k,32.3k,32.6k,33.8k,36.9k,38.2k,39.6k,40.4k,42.4k,42.6k,44.3k,46k,46.9k,47.8k,47.6k,44.3k,41.7k,40.9k,41.2k,39.8k,39.1k,40.9k,42.2k,44.1k,44.4k,45.1k,46k,40.4k
United Arab Emirates,,,,,,,,,,,,,,,,104k,104k,109k,94.7k,103k,116k,113k,99.3k,89.7k,88.6k,80.9k,65k,63.4k,58.1k,61.6k,68.8k,65.5k,63.9k,61.1k,61.8k,62.7k,63.1k,64.9k,61.8k,60.3k,63.3k,60.9k,59.2k,60.4k,60.3k,56.1k,53.3k,47.3k,42.5k,36k,33.9k,34.6k,35.4k,37k,38.5k,40.2k,41k,41.5k,41.3k,41.4k,
Argentina,5640,5850,5710,5320,5770,6290,6150,6260,6460,6980,7080,7370,7370,7450,7740,7620,7350,7740,7290,7910,7910,7380,7210,7400,7400,6900,7210,7290,7100,6500,6250,6720,7160,7640,7990,7670,7990,8540,8770,8380,8220,7780,6850,7380,7960,8580,9170,9900,10.2k,9500,10.4k,10.9k,10.6k,10.8k,10.4k,10.6k,10.2k,10.4k,10k,9740,8690
Armenia,,,,,,,,,,,,,,,,,,,,,,,,,,,,,,,1800,1600,948,885,956,1040,1120,1170,1270,1320,1400,1550,1760,2020,2240,2570,2930,3360,3630,3140,3220,3370,3600,3710,3820,3920,3920,4200,4410,4730,4360
American Samoa,,,,,,,,,,,,,,,,,,,,,,,,,,,,,,,,,,,,,,,,,,,10.5k,10.5k,10.5k,10.5k,10.2k,10.5k,10.4k,10.1k,10.2k,10.3k,9850,9590,9750,10.1k,9900,9220,9560,9450,
Antigua and Barbuda,,,,,,,,,,,,,,,,,,5200,5440,5880,6370,6620,6620,6970,7680,8270,9220,9840,10.3k,10.8k,11.1k,11.2k,11.1k,11.5k,12k,11.2k,11.7k,12.1k,12.4k,12.6k,13.1k,12.3k,12.3k,12.9k,13.4k,14.1k,15.7k,16.9k,16.6k,14.4k,13k,12.6k,12.9k,12.6k,13k,13.3k,13.9k,14.2k,15.1k,15.4k,12.9k
Australia,19.4k,19.5k,19.2k,20.1k,21k,21.9k,21.9k,23k,23.7k,24.9k,26.1k,26.3k,26.8k,27.1k,27.5k,27.5k,27.9k,28.6k,28.5k,29.4k,29.9k,30.4k,30.9k,29.9k,30.9k,32k,32.8k,33.1k,34.5k,35.2k,35.9k,35.3k,35k,36.1k,37.1k,38.1k,39.1k,40.2k,41.6k,43.2k,44.3k,44.6k,45.8k,46.6k,47.9k,48.8k,49.4k,51k,51.8k,51.8k,52k,52.6k,53.7k,54.1k,54.7k,55.1k,55.7k,56.1k,56.8k,57.2k,56.3k
Austria,13k,13.7k,14k,14.4k,15.2k,15.6k,16.4k,16.8k,17.4k,18.5k,19.6k,20.5k,21.6k,22.6k,23.4k,23.4k,24.5k,25.7k,25.7k,27.1k,27.6k,27.5k,28k,28.9k,28.9k,29.6k,30.3k,30.7k,31.6k,32.7k,33.9k,34.7k,35k,34.9k,35.6k,36.5k,37.3k,38.1k,39.4k,40.7k,42k,42.4k,42.9k,43.1k,44k,44.6k,46k,47.5k,48.1k,46.1k,46.9k,48.1k,48.2k,47.9k,47.8k,47.8k,48.2k,49k,50.1k,50.5k,47k
Azerbaijan,,,,,,,,,,,,,,,,,,,,,,,,,,,,,,,3170,3100,2360,1790,1420,1240,1240,1300,1410,1510,1660,1810,1970,2150,2330,2950,3920,4860,5270,5640,5840,5680,5730,5980,6070,6060,5810,5770,5800,5900,5590
Burundi,213,181,193,197,205,209,213,237,230,221,264,267,247,262,257,255,270,294,284,282,277,303,292,295,288,313,314,322,329,325,328,337,333,306,289,262,238,232,241,235,229,229,232,223,226,221,226,226,229,230,234,236,239,243,245,228,220,214,211,208,202
Belgium,13k,13.6k,14.3k,14.8k,15.7k,16.1k,16.5k,17k,17.7k,18.8k,19.8k,20.6k,21.6k,22.9k,23.8k,23.3k,24.6k,24.7k,25.4k,25.9k,27.1k,27k,27.2k,27.2k,27.9k,28.4k,28.9k,29.5k,30.8k,31.8k,32.7k,33.1k,33.5k,33.1k,34k,34.8k,35.2k,36.4k,37k,38.3k,39.6k,39.9k,40.4k,40.6k,41.9k,42.6k,43.4k,44.7k,44.6k,43.3k,44.1k,44.3k,44.4k,44.4k,44.9k,45.5k,45.9k,46.4k,47k,47.6k,44.4k
Benin,712,724,689,710,745,770,783,776,790,796,795,766,798,809,816,758,746,763,753,781,812,869,864,803,843,880,874,836,839,790,834,840,835,854,842,863,873,895,904,924,950,971,985,989,1000,989,999,1030,1050,1040,1040,1040,1060,1100,1140,1130,1130,1170,1210,1260,1270
Burkina Faso,269,276,289,281,284,290,287,307,312,313,308,306,308,304,323,327,348,342,351,356,351,357,382,374,358,379,398,387,399,397,384,408,398,401,395,406,439,454,473,494,489,507,514,538,546,576,594,600,616,616,648,670,692,711,720,727,748,772,800,822,815
Bangladesh,372,384,394,381,411,405,402,382,406,399,411,381,322,328,354,333,344,344,359,366,359,375,374,378,386,389,394,399,398,399,411,416,429,439,447,460,470,481,496,508,525,541,552,568,588,618,650,687,720,748,781,822,866,907,951,1000,1060,1130,1200,1290,1310
Bulgaria,,,,,,,,,,,,,,,,,,,,,3650,3820,3900,4020,4150,4260,4440,4700,5210,5100,4710,4360,4090,4060,4150,4280,4530,3910,4100,3780,3980,4220,4570,4840,5190,5610,6030,6480,6920,6730,6810,7020,7080,7150,7320,7660,8010,8350,8670,9060,8740
Bahrain,,,,,,,,,,,,,,,,,,,,,21.2k,19.3k,17.3k,17.9k,18.3k,16.9k,16.6k,17.7k,18.2k,17.7k,17.9k,19.4k,20.2k,22.2k,21.6k,21.9k,22.2k,22.3k,22.6k,22.8k,23k,22.4k,22k,22.1k,22.1k,22.1k,21.8k,21.8k,21.6k,20.8k,20.7k,20.5k,20.9k,21.8k,22.4k,22.4k,22.3k,22.2k,21.5k,20.9k,19k
Bahamas,17.7k,18.7k,19.6k,20.6k,21.7k,22.9k,23.9k,25.1k,26.2k,27.5k,25.2k,24.9k,23.5k,24.8k,20.2k,16.9k,17.4k,18.6k,20.8k,25.6k,26.7k,23.7k,24.7k,25.1k,28k,28.8k,28.8k,29.1k,29.3k,30.7k,29.7k,27.9k,26.3k,25.9k,26.3k,27k,27.8k,29.3k,27.7k,30.7k,31.6k,31.9k,32.2k,31.3k,31k,31.4k,31.6k,31.5k,30.2k,28.4k,28.4k,28.2k,28.8k,27.8k,27.8k,27.6k,27.7k,28.3k,28.8k,28.9k,24k
Bosnia and Herzegovina,,,,,,,,,,,,,,,,,,,,,,,,,,,,,,,,,,,701,870,1670,2260,2620,2860,3020,3140,3310,3440,3640,3960,4180,4430,4680,4560,4640,4740,4770,4970,5110,5350,5590,5830,6100,6310,6080
Belarus,,,,,,,,,,,,,,,,,,,,,,,,,,,,,,,3100,3060,2760,2550,2250,2020,2090,2340,2540,2640,2810,2960,3130,3370,3780,4160,4610,5030,5560,5580,6030,6370,6480,6540,6650,6380,6220,6380,6590,6730,6680
Belize,1080,1100,1120,1150,1170,1190,1210,1230,1290,1310,1350,1370,1480,1530,1720,1750,1730,1810,1930,2040,2270,2240,2180,2080,2060,2020,2050,2210,2360,2610,2840,3110,3430,3580,3510,3450,3390,3380,3380,3540,3860,3920,3990,4250,4340,4310,4400,4310,4350,4250,4270,4250,4250,4210,4290,4310,4220,4210,4250,4250,3580
Bermuda,33.4k,34.1k,34.8k,34.3k,37.2k,38k,42.7k,47.5k,47.6k,48.3k,50.4k,52.5k,53.9k,55.1k,56k,58.5k,63.5k,67k,67.7k,68.9k,73.2k,74.4k,70k,70.8k,70.5k,68.5k,72.5k,74.6k,76.9k,76.6k,76k,73.7k,74.2k,76k,76k,78.7k,80.3k,83.4k,86.1k,88.5k,95.9k,102k,99.5k,102k,104k,105k,110k,113k,110k,104k,102k,98.9k,93.3k,92.8k,89.2k,89.7k,90.1k,94.3k,93.8k,94.3k,
Bolivia,1010,1010,1040,1090,1110,1140,1200,1250,1330,1360,1400,1440,1520,1570,1580,1660,1700,1750,1740,1710,1650,1620,1520,1430,1400,1350,1290,1290,1300,1320,1360,1400,1390,1420,1460,1490,1530,1570,1620,1590,1600,1600,1610,1620,1660,1700,1750,1800,1880,1910,1960,2020,2090,2200,2290,2360,2430,2490,2560,2580,2350
Brazil,3420,3660,3740,3660,3690,3690,3740,3820,4150,4440,4700,5110,5590,6220,6620,6810,7300,7450,7510,7840,8350,7800,7660,7230,7440,7860,8320,8450,8280,8390,7980,7960,7790,8020,8310,8540,8590,8740,8640,8550,8800,8800,8950,8940,9350,9540,9810,10.3k,10.7k,10.6k,11.3k,11.6k,11.7k,12k,12k,11.4k,11k,11k,11.1k,11.2k,10.7k
Barbados,,,,,,,,,,,,,,,11.2k,10.9k,11.3k,11.6k,12.1k,13k,13.6k,13.3k,12.6k,12.6k,13k,13.1k,13.7k,14k,14.5k,14.9k,14.4k,13.8k,13k,13k,13.2k,13.4k,13.9k,14.5k,15k,15k,15.6k,15.1k,15.2k,15.5k,15.7k,16.2k,17.1k,17.4k,17.4k,16.5k,16.1k,15.9k,15.8k,15.5k,15.5k,15.8k,16.2k,16.3k,16.1k,16.1k,13.2k
Brunei,,,,,,,,,,,,,,,45.6k,43.9k,50.7k,54.2k,55.8k,66k,59.4k,46.2k,46.6k,45.5k,44.5k,42.6k,40.3k,39.9k,39.3k,37.7k,37.1k,37.2k,37.8k,36.9k,37.1k,37.7k,37.8k,36.4k,35.4k,35.7k,35.9k,36.2k,36.8k,37.2k,36.8k,36.3k,37.4k,37k,35.8k,34.8k,35.3k,36.1k,36k,34.7k,33.4k,32.9k,31.7k,31.8k,31.4k,32.3k,32.4k
Bhutan,,,,,,,,,,,,,,,,,,,,,406,455,458,494,503,509,550,687,698,731,794,785,822,841,884,941,981,1010,1050,1110,1120,1190,1290,1370,1420,1500,1590,1860,1930,2040,2260,2410,2500,2530,2640,2780,2970,3070,3130,3260,3010
Botswana,408,425,444,460,480,497,518,537,581,653,745,910,1110,1310,1370,1440,1530,1650,1810,1950,2110,2220,2410,2630,2760,2850,2970,3190,3670,4000,4130,4310,4310,4280,4330,4530,4680,4950,4860,5210,5210,5130,5340,5490,5540,5690,6040,6400,6660,6030,6430,6730,6940,7650,7860,7610,7800,7860,8030,8100,7310
Central African Republic,600,619,586,572,573,568,560,574,570,599,602,599,590,593,621,612,633,643,636,605,563,538,562,501,533,540,547,510,510,510,489,474,431,420,428,447,418,429,438,444,423,432,438,406,422,418,429,440,441,472,488,505,529,335,334,347,360,371,379,384,378
Canada,,,,,,,,,,,,,,,,,,,,,,,,,,,,,,,,,,,,,,36.1k,36.8k,37.9k,39.4k,39.6k,40.5k,41.6k,42.9k,44.6k,46k,48.7k,48.6k,46.7k,47.6k,48.6k,48.9k,49.5k,50.4k,50.4k,50.3k,51.2k,51.7k,52k,48.6k
Switzerland,,,,,,,,,,,,,,,,,,,,,56.3k,56.9k,55.8k,55.9k,57.4k,59.3k,60k,60.6k,62.1k,64.3k,66k,64.6k,63.8k,63.2k,63.5k,63.4k,63.4k,64.7k,66.5k,67.3k,69.6k,70.2k,69.7k,69.2k,70.6k,72.2k,74.6k,76.9k,78k,75.5k,77.1k,77.7k,77.8k,78.4k,79.3k,79.7k,80.4k,81k,82.8k,83.1k,80.1k
Chile,3610,3720,3790,3940,3960,3920,4280,4360,4440,4540,4550,4900,4770,4460,4500,3860,3940,4290,4550,4860,5170,5430,4770,4470,4580,4700,4880,5110,5400,5840,5930,6290,6880,7210,7460,8000,8430,8930,9200,9050,9420,9620,9810,10.1k,10.7k,11.2k,11.8k,12.3k,12.6k,12.2k,12.8k,13.5k,14k,14.5k,14.6k,14.7k,14.8k,14.7k,15.1k,15k,14.1k
China,192,141,132,142,164,187,202,185,173,197,229,238,241,254,254,272,263,280,307,326,347,360,387,423,480,538,577,634,694,712,729,786,887,999,1120,1220,1330,1440,1540,1640,1770,1900,2060,2250,2470,2730,3060,3480,3800,4130,4550,4960,5330,5710,6100,6500,6910,7350,7810,8240,8410
Cote d'Ivoire,1230,1300,1270,1400,1580,1470,1590,1600,1740,1830,1940,2030,2030,2050,2040,2110,2270,2330,2470,2420,2060,2040,1960,1800,1680,1690,1680,1610,1570,1560,1490,1440,1390,1330,1300,1350,1410,1410,1440,1420,1360,1330,1280,1230,1220,1220,1210,1200,1210,1220,1210,1130,1220,1300,1380,1460,1530,1600,1670,1730,1710
Cameroon,957,949,957,971,984,981,1000,872,905,926,931,939,939,963,1040,1120,1030,1140,1350,1390,1320,1500,1570,1620,1690,1770,1830,1740,1550,1480,1340,1250,1180,1060,1050,1060,1070,1100,1120,1140,1150,1170,1180,1200,1250,1240,1250,1280,1290,1280,1290,1300,1330,1360,1400,1440,1470,1480,1500,1520,1490
"Congo, Dem. Rep.",1040,903,1070,1090,1040,1020,1060,1020,1030,1100,1070,1100,1070,1130,1130,1050,965,945,869,849,845,843,818,810,834,816,832,832,812,777,702,620,534,444,411,401,386,356,342,320,290,276,276,283,292,301,307,315,324,322,334,345,358,375,397,411,407,409,419,424,414
"Congo, Rep.",1560,1650,1700,1590,1610,1620,1600,1590,1660,1740,1800,1880,1990,2090,2190,2290,2240,1980,2050,2180,2500,2850,3420,3520,3660,3510,3180,3100,3070,3070,3010,3000,3000,2890,2650,2680,2720,2620,2640,2500,2620,2640,2680,2630,2640,2760,2880,2600,2670,2880,3070,3050,3270,3170,3300,3110,2700,2520,2340,2280,2050
Colombia,2340,2380,2430,2440,2510,2520,2580,2610,2690,2780,2880,2980,3130,3270,3380,3390,3470,3530,3750,3860,3930,3930,3890,3860,3910,3950,4090,4220,4310,4370,4470,4470,4560,4710,4890,5060,5070,5150,5090,4800,4860,4870,4910,5030,5230,5400,5690,6000,6130,6130,6340,6710,6910,7200,7450,7580,7630,7620,7700,7840,7230
Comoros,,,,,,,,,,,,,,,,,,,,,1400,1410,1460,1490,1510,1500,1480,1460,1460,1370,1400,1290,1360,1360,1250,1260,1210,1220,1210,1200,1300,1290,1290,1290,1280,1290,1290,1270,1290,1300,1320,1340,1350,1370,1370,1350,1370,1390,1400,1400,1440
Cape Verde,,,,,,,,,,,,,,,,,,,,,680,726,732,786,800,853,864,889,929,966,953,943,1020,1080,1250,1390,1510,1640,1810,1970,2220,2230,2300,2360,2570,2710,2880,3280,3460,3370,3380,3470,3460,3450,3420,3410,3530,3620,3740,3910,3290
Costa Rica,2890,2840,2890,2970,2980,3110,3220,3300,3480,3570,3730,3880,4100,4310,4430,4410,4540,4820,4980,5090,4990,4750,4290,4290,4510,4420,4550,4640,4670,4810,4860,4840,5150,5370,5470,5560,5500,5670,5940,6060,6170,6270,6380,6560,6750,6920,7320,7820,8080,7910,8230,8490,8800,8910,9130,9360,9650,9950,10.1k,10.2k,9620
Cuba,,,,,,,,,,,2250,2400,2470,2510,2500,2700,2820,3030,3210,3220,3040,3620,3930,4130,4430,4470,4440,4290,4400,4390,4220,3740,3290,2790,2790,2850,3060,3130,3120,3300,3480,3580,3620,3750,3960,4390,4920,5290,5510,5600,5730,5890,6050,6200,6260,6520,6550,6670,6820,6800,
Cayman Islands,,,,,,,,,,,,,,,,,,,,,,,,,,,,,,,,,,,,,,,,,,,,,,,88.3k,88.4k,85.5k,77.2k,73.4k,72.7k,72.2k,71.9k,72.7k,73.7k,75.1k,76.5k,78.7k,80.8k,
Cyprus,,,,,,,,,,,,,,,,7360,8920,10.4k,11.1k,12.2k,12.7k,12.8k,13.4k,14.1k,15.1k,15.7k,16k,17k,18.3k,19.4k,20.4k,20.1k,21.4k,21k,21.8k,23.2k,23.1k,23.4k,24.5k,25.5k,26.7k,27.4k,28.1k,28.5k,29.6k,30.6k,31.5k,32.4k,32.7k,31.2k,31k,30.4k,28.9k,27k,26.8k,27.9k,29.5k,30.8k,32k,32.5k,30.4k
Czech Republic,,,,,,,,,,,,,,,,,,,,,,,,,,,,,,,14.1k,12.5k,12.4k,12.4k,12.7k,13.6k,14.2k,14.1k,14.1k,14.3k,14.9k,15.4k,15.7k,16.2k,17k,18.1k,19.3k,20.2k,20.6k,19.5k,20k,20.3k,20.1k,20.1k,20.5k,21.6k,22.1k,23.1k,23.8k,24.3k,22.8k
Germany,,,,,,,,,,,19.7k,20.3k,21k,22k,22.2k,22k,23.2k,24.1k,24.8k,25.8k,26.1k,26.2k,26.2k,26.6k,27.5k,28.2k,28.8k,29.2k,30.1k,31.1k,32.4k,33.8k,34.2k,33.7k,34.4k,34.8k,35k,35.5k,36.3k,36.9k,37.9k,38.5k,38.4k,38.1k,38.5k,38.8k,40.4k,41.6k,42.1k,39.8k,41.5k,44k,44.1k,44.1k,44.9k,45.2k,45.8k,46.9k,47.3k,47.5k,45.1k
Djibouti,,,,,,,,,,,,,,,,,,,,,,,,,,,,,,,,,,,,,,,,,,,,,,,,,,,1340,,,,,,,,,,
Dominica,,,,,,,,,,,,,,,,,,2620,2860,2320,2610,2900,3030,3130,3290,3360,3630,3900,4240,4260,4510,4580,4660,4740,4730,4870,5030,5160,5390,5440,5580,5570,5400,5720,5880,5900,6160,6540,7010,6920,6970,6950,6870,6800,7090,6890,7060,6560,6700,6910,5740
Denmark,20.5k,21.7k,22.7k,22.7k,24.6k,25.5k,26k,27.3k,28.6k,30.3k,30.5k,31.2k,32.3k,33.4k,32.9k,32.3k,34.1k,34.7k,35.3k,36.6k,36.4k,36.1k,37.5k,38.5k,40.1k,41.7k,43.7k,43.8k,43.7k,44k,44.6k,45.1k,45.8k,45.7k,47.9k,49.1k,50.3k,51.7k,52.6k,54k,55.9k,56.1k,56.2k,56.3k,57.6k,58.8k,60.9k,61.2k,60.5k,57.2k,58k,58.6k,58.5k,58.8k,59.4k,60.4k,61.9k,63.2k,64.3k,65.9k,63.9k
Dominican Republic,1320,1250,1420,1460,1510,1280,1410,1410,1370,1480,1700,1830,1970,2160,2230,2290,2380,2440,2430,2480,2620,2670,2660,2720,2700,2590,2630,2830,2840,2910,2700,2670,2910,3070,3100,3210,3350,3590,3770,3930,4050,4090,4210,4100,4140,4470,4820,5110,5210,5190,5560,5660,5750,5960,6300,6660,7030,7270,7700,8000,7390
Algeria,2480,2090,1640,2150,2210,2290,2120,2260,2430,2560,2710,2340,2900,2930,3060,3120,3290,3370,3570,3730,3640,3640,3750,3830,3930,3950,3850,3720,3580,3640,3570,3440,3420,3280,3180,3240,3320,3300,3410,3470,3560,3620,3770,3990,4110,4290,4300,4380,4410,4400,4480,4520,4590,4620,4700,4780,4830,4790,4760,4700,4360
Ecuador,2240,2290,2330,2310,2410,2420,2340,2380,2360,2400,2490,2570,2620,2900,3140,3390,3540,3500,3610,3640,3680,3790,3720,3610,3610,3660,3700,3600,3720,3670,3720,3790,3780,3770,3840,3840,3830,3910,3950,3690,3660,3740,3830,3870,4110,4260,4370,4390,4600,4550,4630,4920,5120,5300,5410,5330,5180,5210,5180,5090,4630
Egypt,579,592,599,644,700,715,732,719,690,708,730,743,749,758,754,803,890,948,1010,1030,1100,1150,1240,1270,1350,1400,1420,1440,1480,1510,1560,1540,1570,1590,1620,1660,1710,1770,1830,1900,1980,2010,2020,2050,2090,2150,2260,2370,2500,2570,2650,2640,2640,2630,2650,2700,2760,2820,2910,3010,3060
Eritrea,,,,,,,,,,,,,,,,,,,,,,,,,,,,,,,,,392,449,549,568,623,673,681,672,635,667,657,610,592,585,561,554,489,499,501,537,,,,,,,,,
Spain,7380,8170,8900,9670,10.1k,10.6k,11.3k,11.6k,12.2k,13.2k,13.6k,14k,15k,16k,16.7k,16.6k,17k,17.3k,17.4k,17.2k,17.5k,17.3k,17.4k,17.7k,17.9k,18.3k,18.8k,19.8k,20.7k,21.7k,22.5k,23k,23.1k,22.8k,23.2k,23.7k,24.3k,25.1k,26.1k,27.1k,28.4k,29.3k,29.7k,30k,30.4k,31k,31.8k,32.3k,32.1k,30.6k,30.5k,30.1k,29.2k,28.9k,29.4k,30.5k,31.4k,32.3k,32.9k,33.4k,29.6k
Estonia,,,,,,,,,,,,,,,,,,,,,,,,,,,,,,,,,,,,7210,7670,8780,9240,9180,10.1k,10.7k,11.5k,12.5k,13.4k,14.8k,16.3k,17.6k,16.8k,14.4k,14.8k,15.9k,16.5k,16.8k,17.3k,17.6k,18.2k,19.2k,19.9k,20.8k,20.2k
Ethiopia,,,,,,,,,,,,,,,,,,,,,,229,224,236,222,191,203,224,218,210,208,187,164,179,179,184,200,200,188,192,197,208,205,195,215,234,252,273,295,312,342,369,390,419,449,483,514,548,571,603,623
Finland,12.2k,13k,13.3k,13.7k,14.3k,15k,15.3k,15.5k,15.8k,17.4k,18.3k,18.7k,20k,21.3k,21.8k,22.1k,22.2k,22.1k,22.7k,24.3k,25.5k,25.7k,26.4k,27.1k,27.8k,28.6k,29.3k,30.3k,31.8k,33.3k,33.4k,31.2k,30k,29.7k,30.7k,31.9k,33k,34.9k,36.8k,38.3k,40.4k,41.4k,42k,42.7k,44.3k,45.4k,47k,49.3k,49.4k,45.2k,46.5k,47.4k,46.5k,45.9k,45.6k,45.6k,46.8k,48.2k,48.7k,49.3k,47.9k
Fiji,1770,1770,1780,1820,1850,1750,1710,1890,1990,2000,2210,2310,2430,2660,2670,2640,2660,2760,2760,3040,2930,3040,2780,2610,2760,2590,2770,2570,2590,2780,2930,2820,2960,2980,3090,3120,3240,3130,3140,3390,3320,3370,3470,3500,3680,3690,3730,3660,3660,3570,3650,3740,3780,3960,4180,4350,4440,4650,4790,4740,3810
France,12.7k,13.2k,13.9k,14.6k,15.3k,15.9k,16.6k,17.2k,17.9k,19k,20k,20.9k,21.6k,22.8k,23.7k,23.3k,24.2k,24.9k,25.8k,26.6k,26.9k,27k,27.6k,27.8k,28k,28.3k,28.8k,29.4k,30.6k,31.8k,32.5k,32.7k,33k,32.7k,33.3k,33.9k,34.3k,35k,36.1k,37.1k,38.3k,38.8k,38.9k,39k,39.8k,40.2k,40.9k,41.6k,41.5k,40.1k,40.6k,41.3k,41.3k,41.3k,41.5k,41.8k,42.1k,43k,43.6k,44.2k,40.5k
Faeroe Islands,,,,,,,,,,,,,,,,,,,,,,,,,,,,,,,,,,,,,,,,,,,,,,,,,,,48.5k,,,,,,,,,,
"Micronesia, Fed. Sts.",,,,,,,,,,,,,,,,,,,,,,,,,,,2320,2290,2300,2330,2360,2470,2510,2640,2580,2720,2610,2450,2530,2570,2710,2770,2790,2840,2760,2830,2850,2820,2770,2820,2890,2960,2880,2730,2630,2720,2710,2750,2730,2730,
Gabon,4370,4960,5280,5530,5700,6080,6240,6370,6390,6760,7210,7800,8520,9220,12.6k,14.7k,19.6k,16.7k,12.4k,12.2k,12.2k,12.5k,11.8k,12.2k,12.7k,12.1k,11.7k,9410,10.3k,10.9k,11.2k,11.5k,10.9k,11k,11.1k,11.4k,11.5k,11.8k,11.9k,10.6k,10.2k,10.1k,9880,9860,9680,9680,9140,9410,8830,8550,8850,9140,9260,9420,9480,9520,9430,9210,9050,9180,8840
Isle of Man,,,,,,,,,,,,,,,,,,,,,,,,,18.5k,18.4k,21.6k,23.3k,25.5k,26.7k,27.4k,27.6k,27.7k,28.4k,29.4k,30.5k,32.5k,34.8k,38.9k,43.7k,45.4k,47.4k,49.9k,52.5k,54.8k,57.5k,61.2k,64.9k,67.1k,67.9k,69.8k,71.1k,76.7k,80.3k,85k,84.9k,90.8k,93k,94.5k,,
United Kingdom,13.9k,14.2k,14.2k,14.8k,15.6k,15.8k,15.9k,16.3k,17.1k,17.4k,17.9k,18.4k,19.2k,20.4k,19.8k,19.6k,20.1k,20.6k,21.5k,22.3k,21.8k,21.6k,22.1k,23k,23.5k,24.4k,25.1k,26.4k,27.9k,28.5k,28.6k,28.2k,28.3k,28.9k,29.9k,30.6k,31.3k,32.8k,33.9k,34.9k,36k,36.8k,37.4k,38.5k,39.2k,40k,40.8k,41.5k,41k,39k,39.5k,39.7k,40k,40.6k,41.5k,42.1k,42.5k,43k,43.2k,43.6k,39.1k
Georgia,,,,,,1870,1990,2100,2170,2250,2500,2530,2580,2720,2940,3130,3300,3500,3740,3980,4130,4310,4360,4510,4720,4910,4460,4480,4690,4340,3700,2900,1580,1110,1010,1080,1240,1420,1500,1570,1630,1740,1850,2070,2200,2430,2670,3030,3110,3020,3230,3500,3750,3900,4070,4190,4300,4510,4730,4980,4680
Ghana,1060,1060,1070,1080,1070,1060,985,991,972,1010,1080,1100,1050,1050,1090,931,879,882,939,897,881,828,749,694,731,746,762,776,796,813,816,835,842,858,862,874,891,905,924,942,953,967,986,1010,1040,1080,1120,1140,1210,1230,1300,1450,1540,1620,1630,1620,1640,1740,1800,1880,1850
Guinea,,,,,,,,,,,,,,,,,,,,,,,,,,,513,514,530,535,542,541,543,556,563,573,583,598,604,612,613,622,641,637,639,645,639,667,679,656,672,695,720,732,741,750,810,869,898,923,960
Gambia,,,,,,,697,679,724,721,743,721,702,744,764,832,865,865,890,849,873,874,841,904,903,860,855,834,829,837,831,825,824,822,798,780,773,787,789,814,833,854,800,828,859,813,784,784,809,837,861,767,783,782,748,755,747,760,791,815,792
Guinea-Bissau,,,,,,,,,,,493,465,485,481,495,528,551,511,578,587,489,569,581,548,583,593,575,578,592,614,637,655,647,646,652,667,730,762,538,533,550,551,533,524,526,536,535,540,543,547,558,588,563,566,556,575,596,615,608,620,590
Equatorial Guinea,,,,,,,,,,,,,,,,,,,,,660,660,627,608,571,607,565,569,566,543,518,496,647,695,783,887,1420,3420,4060,4900,5560,8720,10000,10.9k,14.4k,16.1k,16.6k,18.3k,20.5k,19.9k,17.3k,17.6k,18.3k,16.8k,16.1k,14.1k,12.4k,11.2k,10.1k,9210,8470
Greece,6220,6990,6970,7770,8470,9340,9870,10.3k,11k,12.3k,13.3k,14.3k,15.6k,16.8k,15.7k,16.5k,17.4k,17.6k,18.7k,19k,19k,18.5k,18.2k,17.9k,18.2k,18.5k,18.6k,18.1k,18.8k,19.4k,19.2k,19.6k,19.6k,19.1k,19.4k,19.7k,20.2k,21k,21.7k,22.3k,23.1k,23.9k,24.8k,26.1k,27.4k,27.5k,28.9k,29.8k,29.6k,28.3k,26.7k,24k,22.4k,22k,22.3k,22.3k,22.3k,22.7k,23.1k,23.5k,21.6k
Grenada,,,,,,,,,,,,,,,,,,2940,3140,3340,3300,3290,3340,3350,3390,3540,3780,4160,4340,4560,4770,4830,4750,4610,4630,4690,4860,5080,5650,6020,6280,6130,6320,6890,6830,7710,7380,7820,7870,7330,7260,7280,7150,7270,7750,8190,8450,8780,9090,9230,8150
Greenland,,,,,,,,,,,15.7k,17.4k,18.1k,19k,19.9k,20k,21.1k,23.1k,24.6k,25.6k,27.5k,27.2k,25.8k,26.4k,24.7k,25.4k,27k,28.2k,29.4k,31.1k,27.3k,27.3k,26k,24.7k,26.1k,26.9k,27.3k,27.6k,29.7k,30.1k,32.2k,32.5k,32.1k,33.4k,35.6k,37.4k,39.5k,40.6k,43.3k,43.7k,44k,43.8k,44.5k,44.1k,46.4k,45.4k,47.4k,47.6k,49.3k,,
Guatemala,1470,1490,1490,1590,1620,1640,1680,1700,1800,1840,1900,1960,2050,2140,2220,2220,2330,2450,2520,2570,2600,2550,2400,2270,2220,2150,2090,2110,2130,2160,2160,2180,2230,2260,2290,2350,2360,2400,2460,2500,2530,2520,2560,2570,2600,2630,2710,2830,2860,2820,2850,2920,2950,3010,3090,3160,3190,3240,3290,3360,3260
Guam,,,,,,,,,,,,,,,,,,,,,,,,,,,,,,,,,,,,,,,,,,,27.8k,28k,29.7k,30.7k,29.6k,29.7k,30.3k,30.4k,31k,31k,31.6k,32.1k,32.5k,32.6k,32.5k,32.5k,31.9k,32.2k,
Guyana,2570,2610,2570,2190,2380,2580,2660,2730,2720,2870,2950,3000,2870,2870,3060,3290,3300,3180,3090,3010,3050,3090,2680,2510,2390,2460,2460,2510,2430,2330,2270,2400,2570,2760,2980,3120,3370,3590,3550,3670,3640,3730,3770,3750,3800,3730,3920,4200,4260,4420,4580,4810,5040,5200,5260,5270,5440,5620,5840,6120,8740
"Hong Kong, China",,3380,3700,4140,4390,4900,4950,4900,4960,5440,5800,6090,6600,7210,7150,7050,8090,8910,9470,10k,10.7k,11.4k,11.6k,12.1k,13.2k,13.1k,14.4k,16.2k,17.4k,17.6k,18.3k,19.1k,20.2k,21k,21.8k,21.9k,21.8k,22.8k,21.2k,21.6k,23k,23k,23.3k,24k,25.9k,27.7k,29.4k,31.1k,31.6k,30.7k,32.5k,33.9k,34.1k,35k,35.7k,36.3k,36.8k,37.9k,38.7k,37.8k,35.6k
Honduras,1100,1090,1120,1120,1150,1220,1250,1290,1330,1300,1310,1320,1360,1420,1360,1350,1450,1550,1590,1630,1590,1520,1450,1420,1460,1500,1530,1590,1570,1560,1560,1470,1510,1570,1530,1570,1560,1580,1600,1540,1610,1610,1630,1660,1720,1780,1850,1920,1960,1870,1900,1940,1980,2000,2030,2070,2110,2180,2220,2240,2010
Croatia,,,,,,,,,,,,,,,,,,,,,,,,,,,,,,,,,,,,8620,9250,9880,10.1k,10.1k,10.4k,11.2k,11.8k,12.5k,13k,13.5k,14.2k,14.9k,15.2k,14.1k,13.9k,14k,13.7k,13.7k,13.7k,14.1k,14.7k,15.4k,16k,16.5k,15.2k
Haiti,1510,1440,1520,1470,1410,1420,1380,1330,1340,1370,1350,1420,1410,1450,1510,1500,1590,1620,1690,1780,1860,1770,1670,1640,1610,1580,1540,1500,1470,1400,1380,1380,1280,1190,1030,1110,1140,1150,1150,1160,1150,1130,1120,1140,1110,1130,1130,1170,1180,1240,1170,1230,1210,1230,1260,1260,1270,1280,1280,1250,1190
Hungary,,,,,,,,,,,,,,,,,,,,,,,,,,,,,,,,8870,8600,8560,8830,8970,8990,9290,9680,10k,10.5k,10.9k,11.5k,12k,12.6k,13.2k,13.7k,13.8k,13.9k,13k,13.2k,13.5k,13.4k,13.7k,14.3k,14.9k,15.2k,15.9k,16.8k,17.6k,16.7k
Indonesia,690,711,705,671,677,666,666,657,709,737,772,805,839,884,927,949,990,1050,1090,1150,1230,1300,1300,1320,1380,1390,1440,1480,1540,1620,1710,1790,1880,1970,2080,2220,2360,2430,2080,2070,2140,2190,2260,2340,2420,2520,2630,2760,2890,2980,3120,3270,3420,3560,3690,3820,3970,4120,4280,4450,4310
India,330,336,339,352,370,353,345,365,369,385,396,394,382,386,382,407,404,424,438,405,423,438,443,464,471,485,497,505,542,562,581,576,595,611,639,675,712,727,758,810,827,852,869,922,979,1040,1110,1170,1190,1270,1360,1410,1470,1540,1640,1750,1880,1980,2090,2150,1960
Ireland,,,,,,,,,,,12.7k,13k,13.7k,14.1k,14.4k,15k,15k,16k,16.9k,17.2k,17.5k,17.9k,18.1k,18k,18.6k,19.2k,19.1k,20k,21.1k,22.4k,24.3k,24.6k,25.3k,25.8k,27.2k,29.7k,31.6k,34.7k,37.4k,40.8k,44.1k,45.7k,47.6k,48.2k,50.5k,52.3k,53.4k,54.7k,51.2k,48.1k,48.7k,48.8k,48.6k,49k,52.8k,65.5k,66k,71.3k,76.4k,79.6k,81.3k
Iran,2960,3220,3400,3560,3780,4320,4680,5090,5680,6440,6970,7760,8650,9130,9460,8970,10.2k,9500,7910,6840,4790,4370,5320,5550,4860,4770,4110,3980,3630,3730,4130,4530,4570,4550,4420,4460,4620,4580,4620,4610,4810,4790,5080,5450,5620,5740,5950,6370,6320,6310,6600,6700,6120,6040,6230,6070,6790,6950,6440,5920,5940
Iraq,,,,,,,,,1450,1450,1470,1490,1500,1520,1700,1860,2100,2080,2360,2760,3350,3230,3250,2750,2640,2620,2680,2870,2810,2660,4090,1430,1850,2340,2350,2330,2510,2950,3850,4390,4990,4920,4390,2700,4040,4020,4160,4170,4440,4490,4660,4850,5320,5510,5320,5390,5960,5710,5510,5620,4930
Iceland,,,,,,,,,,,,,,,,,,,,,,,,,,,,,,,,,,,,30.7k,31.9k,33.5k,35.5k,36.5k,37.8k,38.8k,38.7k,39.3k,42k,43.8k,45.5k,48.1k,48.3k,44.4k,43.2k,43.9k,44.1k,45.7k,46k,47.5k,49.8k,50.7k,51.7k,51.9k,47.6k
Israel,,,,,,,,,,,,,,,,,,,,,,,,,,,,,,,,,,,,25k,25.6k,25.9k,26.3k,26.5k,27.7k,27.1k,26.6k,26.4k,27k,27.6k,28.6k,29.7k,30k,29.6k,30.7k,31.5k,31.7k,32.4k,33.1k,33.1k,33.7k,34.3k,34.8k,35.3k,33.8k
Italy,10.9k,11.7k,12.3k,12.9k,13.2k,13.5k,14.2k,15.1k,16k,16.9k,17.7k,17.9k,18.5k,19.6k,20.6k,20k,21.4k,21.8k,22.4k,23.7k,24.5k,24.7k,24.7k,25k,25.8k,26.5k,27.3k,28.2k,29.3k,30.3k,30.9k,31.3k,31.6k,31.3k,31.9k,32.9k,33.3k,33.9k,34.5k,35k,36.3k,37k,37.1k,36.9k,37.2k,37.3k,37.9k,38.3k,37.7k,35.5k,36k,36.2k,35k,34k,33.7k,34k,34.5k,35.1k,35.5k,36k,32.9k
Jamaica,,,,,,,3800,3820,3990,4150,4590,4630,5380,5000,4720,4630,4270,4100,4050,3960,3680,3720,3730,3740,3630,3480,3510,3760,3880,4140,4280,4460,4500,4880,4900,4970,4910,4810,4650,4660,4660,4690,4750,4890,4930,4940,5060,5110,5040,4800,4700,4760,4700,4700,4710,4720,4760,4790,4850,4870,4360
Jordan,,,,,,,,,,,,,,,,,2170,2290,2560,3000,3230,3660,3760,3530,3530,3300,3350,3300,3220,2750,2620,2520,2730,2700,2700,2750,2720,2750,2780,2820,2890,2980,3100,3160,3340,3490,3630,3760,3850,3850,3740,3640,3530,3440,3400,3350,3310,3300,3310,3330,3240
Japan,8540,9480,10.2k,11k,12.1k,12.7k,13.9k,15.3k,17.1k,19k,18.9k,19.3k,20.7k,22k,21.5k,21.8k,22.5k,23.2k,24.2k,25.3k,25.8k,26.7k,27.4k,28.2k,29.3k,30.6k,31.5k,32.8k,34.9k,36.4k,38.1k,39.2k,39.4k,39.1k,39.4k,40.4k,41.5k,41.9k,41.3k,41.1k,42.2k,42.2k,42.2k,42.7k,43.7k,44.4k,45k,45.7k,45.2k,42.7k,44.5k,44.5k,45.3k,46.2k,46.5k,47.1k,47.4k,48.5k,48.8k,49k,
Kazakhstan,,,,,,,,,,,,,,,,,,,,,,,,,,,,,,,5890,5210,4940,4500,3990,3740,3810,3940,3930,4080,4490,5110,5610,6110,6650,7230,7920,8520,8640,8570,9070,9600,9920,10.4k,10.6k,10.6k,10.6k,10.9k,11.2k,11.5k,11.1k
Kenya,537,480,509,537,545,538,598,597,623,650,598,705,797,813,815,792,779,822,846,876,890,889,868,846,829,832,860,879,901,911,917,900,865,841,837,848,858,838,841,837,820,828,810,811,830,855,886,921,898,902,952,983,1000,1030,1060,1090,1130,1160,1200,1240,1210
Kyrgyz Republic,,,,,,,,,,,,,,,,,,,,,,,,,,,932,944,1050,1060,1100,993,846,715,571,535,564,611,615,628,654,683,676,716,757,748,763,820,880,895,880,921,905,984,1000,1020,1040,1070,1090,1120,1000
Cambodia,,,,,,,,,,,,,,,,,,,,,,,,,,,,,,,,,,510,321,342,351,355,362,398,428,454,475,507,550,613,669,726,764,753,786,828,874,923,973,1030,1080,1140,1200,1270,1210
Kiribati,,,,,,,,,,,2390,2300,2540,3030,4340,4500,3250,3050,3040,2650,2180,2080,2190,2150,2210,2020,1960,1730,1840,1730,1680,1650,1640,1640,1650,1620,1630,1630,1700,1650,1720,1670,1700,1710,1650,1700,1660,1650,1580,1560,1520,1510,1560,1600,1570,1710,1770,1760,1780,1790,1810
St. Kitts and Nevis,,,,,,,,,,,,,,,,,,4300,4490,4860,5300,5420,5470,5570,6110,6680,7480,8050,8880,9430,9920,9700,10k,10.6k,11k,11.5k,12.1k,12.8k,12.6k,12.9k,14k,14.6k,14.6k,13.9k,14.2k,15.4k,15.8k,15.7k,16.5k,15.7k,15.5k,15.7k,15.2k,15.8k,16.7k,16.7k,17.1k,16.6k,16.9k,17.2k,15.2k
South Korea,932,968,977,1040,1100,1160,1260,1350,1490,1670,1790,1940,2050,2310,2490,2640,2940,3250,3550,3800,3680,3880,4140,4630,5060,5400,5950,6640,7370,7810,8500,9320,9790,10.4k,11.2k,12.2k,13k,13.7k,12.9k,14.3k,15.4k,16k,17.2k,17.6k,18.5k,19.2k,20.1k,21.2k,21.7k,21.7k,23.1k,23.8k,24.2k,24.9k,25.5k,26.1k,26.7k,27.5k,28.2k,28.7k,28.4k
Kosovo,,,,,,,,,,,,,,,,,,,,,,,,,,,,,,,,,,,,,,,,,1850,2350,2330,2470,2530,2680,2780,2960,3120,3210,3290,3400,3470,3560,3620,3820,4000,4130,4280,4510,4230
Kuwait,,,,,,,,,,,,,,,,,,,,,,,,,,,,,,,,,,,,41.8k,41.5k,40.5k,39.2k,36.1k,36.1k,35.1k,35.6k,41.3k,44.8k,48k,49.3k,49.6k,47.9k,41.9k,38.6k,39.9k,40.3k,38.7k,37.2k,36k,35.9k,33.4k,33.1k,32.7k,
Lao,,,,,,,,,,,,,,,,,,,,,,,,,423,432,441,422,402,445,462,469,481,497,524,548,574,601,613,647,673,700,730,763,799,843,901,953,1010,1070,1140,1210,1290,1370,1460,1540,1620,1710,1790,1850,1840
Lebanon,,,,,,,,,,,,,,,,,,,,,,,,,,,,,4310,2440,3010,4310,4770,5000,5160,5300,5760,5750,5900,5780,5720,5720,5640,5550,5690,5680,5690,6210,6780,7400,7760,7450,7180,6980,6760,6490,6410,6360,6200,5790,4640
Liberia,,,,,,,,,,,,,,,,,,,,,,,,,,,,,,,,,,,,,,,,,614,610,618,424,427,438,458,482,496,502,513,538,565,597,586,571,548,548,541,516,490
Libya,,,,,,,,,,,,,,,,,,,,,,,,,,,,,,,,,,,,,,,,8780,8960,8670,8450,9400,9660,10.6k,11.2k,11.7k,11.8k,11.6k,12.1k,4540,10.1k,8650,6530,5900,5670,7090,8040,8120,5500
St. Lucia,,,,,,,,,,,,,,,,,,3610,3930,4010,3870,4060,4090,4240,4480,4780,5370,5480,6120,6560,7090,7010,7480,7430,7470,7500,7620,7460,7820,7930,7850,7510,7480,7750,8240,8130,8530,8560,8860,8500,8540,8930,8860,8540,8650,8490,8790,9050,9240,9350,7430
Liechtenstein,,,,,,,,,,,,,,,,,,,,,,,,,,,,,,,,,,,,,,,,,,,,,,,,,,,141k,,,,,,,,,,
Sri Lanka,,586,594,595,604,605,620,644,666,701,712,706,690,724,738,769,780,805,835,873,909,946,971,1000,1040,1080,1110,1110,1120,1130,1190,1230,1270,1340,1400,1470,1510,1600,1670,1730,1830,1780,1840,1930,2020,2130,2280,2410,2540,2610,2800,3010,3290,3370,3510,3650,3770,3860,3940,4010,3850
Lesotho,260,260,294,319,339,339,331,359,350,348,347,357,348,429,465,392,423,501,575,575,543,532,541,538,553,554,567,559,594,615,638,667,698,706,733,742,769,784,784,779,804,832,840,883,904,940,983,1030,1080,1070,1120,1170,1230,1250,1260,1290,1330,1270,1250,1230,1090
Lithuania,,,,,,,,,,,,,,,,,,,,,,,,,,,,,,,,,,,,5330,5640,6160,6670,6640,6930,7450,8010,8930,9630,10.5k,11.5k,12.9k,13.4k,11.5k,12k,13k,13.7k,14.3k,14.9k,15.4k,16k,16.9k,17.7k,18.6k,18.4k
Luxembourg,27.1k,27.9k,27.9k,28.6k,30.5k,29.9k,30k,30k,31.2k,34.1k,35.5k,36.1k,38k,40.7k,41.8k,38.7k,39.5k,40k,41.6k,42.4k,42.6k,42.3k,42.7k,44k,46.7k,47.9k,52.4k,54.1k,58.3k,63.4k,65.9k,70.7k,71k,73k,74.8k,74.8k,74.8k,78.1k,81.8k,87.5k,93.5k,94.7k,97.3k,97.7k,99.8k,101k,105k,112k,109k,102k,105k,105k,102k,104k,106k,108k,110k,109k,111k,111k,107k
Latvia,,,,,,,,,,,,,,,,,,,,,,,,,,,,,,,,,,,,5150,5340,5870,6300,6530,6960,7500,8120,8890,9760,10.9k,12.3k,13.7k,13.4k,11.7k,11.4k,12.3k,13k,13.5k,13.7k,14.4k,14.9k,15.5k,16.3k,16.7k,16.2k
"Macao, China",,,,,,,,,,,,,,,,,,,,,,,16.6k,17.5k,18.2k,17.6k,18k,19.8k,20.5k,20.7k,21.7k,21.8k,24.2k,24.9k,25.4k,25.7k,25.1k,24.5k,22.9k,21.9k,22.7k,22.8k,24.2k,26.4k,32.6k,34.4k,38.1k,42.7k,43.3k,42.9k,52.5k,62.4k,66.5k,72k,69k,53.1k,51.8k,56.1k,58.8k,56.5k,24.4k
Morocco,,,,,,,815,875,939,995,1020,1050,1060,1070,1110,1170,1260,1310,1310,1340,1350,1300,1380,1360,1420,1470,1570,1540,1680,1700,1730,1820,1750,1700,1850,1730,1910,1860,1970,1960,1980,2100,2130,2240,2320,2360,2510,2570,2690,2770,2840,2950,3000,3090,3130,3220,3210,3310,3370,3410,3130
Monaco,,,,,,,,,,,85.8k,89.4k,92.3k,96.7k,99.5k,97k,100k,102k,105k,108k,108k,108k,108k,108k,108k,108k,110k,113k,117k,122k,125k,125k,126k,124k,125k,126k,127k,128k,132k,135k,139k,140k,140k,141k,142k,144k,150k,171k,170k,149k,151k,159k,159k,172k,183k,190k,194k,186k,196k,209k,
Moldova,,,,,,,,,,,,,,,,,,,,,,,,,,,,,,,,,,,,1620,1530,1560,1460,1410,1450,1540,1660,1780,1910,2060,2170,2240,2420,2270,2440,2580,2570,2800,2940,2950,3120,3320,3520,3710,3510
Madagascar,819,816,814,787,798,774,771,792,825,833,854,863,829,785,779,767,722,719,680,726,712,624,595,583,576,567,562,553,555,562,563,512,503,499,484,477,472,474,477,484,490,504,428,456,466,474,485,498,517,482,472,466,467,465,468,470,476,481,484,492,459
Maldives,,,,,,,,,,,,,,,,,,,,,,,,,,,,,,,,,,,,4600,4860,5180,5470,5700,5800,5430,5670,6270,6470,5470,6730,7090,7570,6830,7080,7380,7250,7440,7620,7500,7630,7840,8160,8480,5660
Mexico,3910,3980,4040,4230,4590,4760,4900,5030,5330,5350,5520,5560,5840,6120,6290,6470,6570,6620,7030,7520,8020,8490,8250,7780,7870,7870,7470,7450,7390,7550,7790,7970,8100,8120,8370,7720,8110,8530,8840,8950,9250,9090,8960,8970,9190,9270,9550,9620,9590,8950,9270,9480,9690,9690,9840,10k,10.2k,10.3k,10.4k,10.3k,9320
Marshall Islands,,,,,,,,,,,,,,,,,,,,,,2220,2220,2450,2430,2180,2580,2690,2780,2630,2610,2550,2690,2820,2960,3190,2860,2680,2660,2620,2640,2790,2840,2730,2710,2730,2700,2770,2590,2670,2850,2820,2750,2850,2810,2840,2850,2930,3010,3190,
North Macedonia,,,,,,,,,,,,,,,,,,,,,,,,,,,,,,,3860,3620,3390,3150,3100,3060,3090,3110,3200,3320,3450,3330,3370,3440,3590,3760,3940,4200,4420,4400,4550,4650,4620,4750,4920,5110,5250,5300,5450,5630,5370
Mali,,,,,,,,341,349,345,361,364,379,367,355,389,435,454,440,477,448,445,404,403,394,465,471,464,491,504,482,528,498,501,506,497,518,530,555,571,555,622,622,658,648,668,676,677,686,696,710,711,685,680,708,730,750,766,779,792,756
Malta,,,,,,,,,,,3320,3410,3610,3760,4140,4910,5720,6390,7030,7690,8150,8360,8370,8200,8270,8340,8520,8810,9470,10.1k,10.7k,11k,11.4k,11.8k,12.4k,13.1k,13.5k,14.1k,14.7k,15.3k,18.2k,17.9k,18.2k,18.8k,18.7k,19.2k,19.6k,20.5k,21.2k,20.8k,21.8k,21.8k,22.5k,23.4k,24.7k,26.4k,26.9k,28.3k,28.7k,29.1k,26k
Myanmar,159,157,160,177,163,176,164,151,165,166,171,174,174,168,173,176,183,189,197,203,214,223,231,236,242,244,237,224,195,199,202,198,214,224,238,252,265,276,289,316,356,392,435,490,552,622,698,777,851,935,1020,1070,1140,1220,1310,1390,1460,1540,1640,1650,1480
Montenegro,,,,,,,,,,,,,,,,,,,,,,,,,,,,,,,,,,,,,,5020,5280,4800,4950,4990,5060,5170,5390,5610,6080,6480,6940,6520,6690,6900,6700,6930,7050,7290,7500,7850,8250,8590,7290
Mongolia,,,,,,,,,,,,,,,,,,,,,,1440,1520,1570,1620,1670,1770,1780,1830,1860,1760,1580,1420,1360,1380,1460,1480,1520,1560,1600,1600,1630,1690,1790,1960,2080,2230,2420,2600,2530,2640,3040,3350,3670,3880,3900,3870,4000,4210,4350,4050
Northern Mariana Islands,,,,,,,,,,,,,,,,,,,,,,,,,,,,,,,,,,,,,,,,,,,24.9k,25.2k,24.8k,21.9k,20.6k,19.5k,17.5k,14.5k,14.8k,13.7k,13.7k,14k,14.4k,14.8k,19k,23.2k,18.6k,16.4k,
Mozambique,,,,,,,,,,,,,,,,,,,,,238,244,222,184,169,169,164,189,205,217,217,221,201,213,218,216,233,252,270,294,290,316,335,348,364,377,402,422,440,455,472,493,515,535,559,580,585,590,593,589,565
Mauritania,,1380,1350,1290,1590,1800,1750,1760,1880,1840,2000,1980,1910,1770,1930,1770,1870,1780,1720,1750,1760,1770,1670,1690,1590,1590,1630,1620,1610,1640,1570,1560,1540,1590,1510,1610,1660,1560,1560,1570,1470,1420,1400,1460,1490,1570,1800,1720,1660,1620,1610,1630,1650,1670,1690,1730,1710,1720,1700,1760,1680
Mauritius,,,,,,,,,,,,,,,,,2400,2520,2580,2630,2320,2420,2530,2510,2600,2760,3010,3250,3450,3580,3810,3930,4130,4290,4410,4560,4760,4970,5220,5290,5660,5810,5860,6160,6390,6460,6750,7100,7460,7680,8000,8310,8580,8850,9160,9480,9830,10.2k,10.6k,10.9k,9270
Malawi,238,251,246,237,237,263,290,304,290,299,293,332,343,342,357,368,375,382,406,411,401,371,371,375,382,383,362,347,337,325,332,353,325,355,318,367,387,392,396,397,393,364,361,373,383,385,393,419,438,461,479,488,483,494,508,508,506,513,521,537,527
Malaysia,1350,1410,1450,1510,1550,1620,1700,1720,1810,1850,1920,2060,2200,2400,2540,2500,2720,2860,2970,3170,3320,3460,3580,3720,3910,3770,3710,3790,4040,4280,4540,4840,5130,5500,5860,6280,6730,7040,6360,6590,7010,6890,7110,7370,7720,7970,8260,8610,8850,8560,9040,9370,9740,10.1k,10.5k,10.9k,11.2k,11.7k,12.1k,12.5k,11.6k
Namibia,,,,,,,,,,,,,,,,,,,,,4280,4230,4120,3950,3830,3740,3780,3770,3660,3600,3550,3730,3890,3730,3710,3770,3810,3890,3940,4000,4070,4050,4180,4290,4740,4790,5040,5220,5260,5180,5390,5570,5750,5970,6220,6370,6260,6080,6030,5880,5310
Niger,826,839,899,956,930,966,935,910,888,816,817,840,775,625,661,625,612,640,706,735,696,675,670,626,506,530,547,532,552,541,517,499,492,477,470,465,450,441,468,450,429,444,449,442,428,442,451,448,465,456,477,470,499,506,519,521,530,535,552,563,550
Nigeria,1360,1340,1360,1450,1490,1530,1430,1180,1140,1380,1690,1890,1910,1960,2120,1960,2080,2140,1950,2020,2050,1730,1570,1370,1320,1360,1330,1330,1390,1380,1510,1470,1500,1440,1380,1340,1360,1370,1370,1340,1380,1420,1600,1670,1780,1850,1910,1980,2060,2170,2280,2340,2370,2460,2550,2550,2440,2400,2380,2370,2270
Nicaragua,1510,1570,1690,1810,1960,2090,2090,2170,2130,2200,2160,2170,2150,2220,2450,2380,2420,2550,2280,1620,1650,1690,1630,1660,1590,1490,1440,1400,1200,1150,1130,1100,1080,1050,1060,1100,1150,1180,1200,1260,1290,1310,1300,1320,1370,1410,1450,1500,1530,1460,1500,1580,1660,1720,1780,1840,1900,1960,1870,1780,1720
Netherlands,16.4k,16.2k,17.1k,17.5k,18.7k,20k,20.3k,21.1k,22.2k,23.4k,24.5k,25.3k,25.9k,27.1k,27.8k,27.6k,28.6k,29.1k,29.7k,30.1k,30.3k,29.8k,29.3k,29.8k,30.6k,31.2k,31.9k,32.3k,33.2k,34.5k,35.7k,36.3k,36.6k,36.8k,37.7k,38.7k,39.8k,41.4k,43k,44.9k,46.4k,47.2k,47k,46.8k,47.6k,48.4k,50k,51.8k,52.7k,50.5k,51k,51.5k,50.8k,50.6k,51.1k,51.9k,52.7k,53.9k,54.9k,55.5k,53.1k
Norway,23.2k,24.4k,24.9k,25.7k,26.7k,27.9k,28.8k,30.3k,30.7k,31.9k,32.2k,33.8k,35.4k,36.7k,37.9k,39.6k,41.7k,43.2k,44.7k,46.5k,48.5k,49.1k,49k,50.8k,53.7k,56.6k,58.6k,59.4k,58.9k,59.3k,60.2k,61.8k,63.6k,65.1k,68k,70.4k,73.6k,77k,78.6k,79.6k,81.7k,82.9k,83.7k,83.9k,86.8k,88.4k,89.8k,91.6k,90.9k,88.2k,87.7k,87.4k,88.6k,88.4k,89.2k,90k,90.2k,91.5k,92k,92.1k,90.9k
Nepal,266,267,268,268,284,275,289,280,276,283,284,275,278,271,282,280,286,288,294,294,281,297,302,286,306,318,325,323,340,347,354,367,372,376,396,400,411,422,426,437,455,469,463,474,490,500,511,522,548,568,592,612,640,665,705,730,727,781,827,866,833
Nauru,,,,,,,,,,,,,,,,,,,,,,,,,,,,,,,,,,,,,,,,,,,,,3960,3980,4240,3260,3970,4300,4750,5200,5750,7460,9360,9630,9880,9220,9690,9610,
New Zealand,,,,,,,,,,,,,,,,,,21.4k,21.5k,22k,22.3k,23.2k,23.2k,23.7k,24.6k,24.8k,25.5k,25.6k,25.4k,25.3k,25.1k,23.7k,23.7k,24.9k,25.8k,26.7k,27.2k,27.4k,27.4k,28.7k,29.4k,30.2k,31.1k,31.9k,32.6k,33.4k,33.9k,34.6k,33.9k,33.5k,33.7k,34.2k,34.7k,35.4k,36.2k,36.7k,37.3k,37.8k,38.3k,38.3k,37.9k
Oman,,,,,,2310,2370,3830,6770,8250,9100,8870,9400,7750,8290,9840,11.3k,10.8k,9860,9730,9760,10.8k,11.4k,12.6k,14k,15.2k,14.9k,13.9k,14.2k,15.3k,14.7k,14.9k,15.4k,15.7k,15.7k,16k,16.3k,17.2k,17.6k,17.7k,18.7k,19.3k,18.8k,17.9k,17.7k,17.6k,18.1k,18.3k,19.2k,19.5k,18.7k,18k,18.2k,17.8k,16.9k,16.7k,16.7k,16.1k,15.7k,15.1k,
Pakistan,302,313,319,338,355,382,393,404,422,433,469,459,450,469,472,478,488,492,515,518,553,577,594,614,624,649,663,684,714,727,737,752,788,780,787,804,819,804,801,808,820,828,829,856,900,937,970,994,988,993,987,993,1010,1030,1050,1080,1120,1160,1200,1190,1170
Panama,2140,2300,2420,2550,2580,2740,2860,3020,3140,3300,3430,3660,3720,3810,3800,3760,3730,3670,3930,4010,4430,4720,4860,4540,4560,4680,4740,4550,3860,3840,4060,4350,4610,4770,4800,4790,4880,5090,5360,5450,5490,5420,5440,5560,5870,6170,6590,7240,7810,7770,8080,8840,9540,10k,10.4k,10.8k,11.1k,11.5k,11.7k,11.9k,9610
Peru,2660,2780,2970,3010,3120,3200,3370,3400,3310,3330,3350,3410,3430,3550,3780,3840,3790,3710,3520,3570,3690,3800,3700,3240,3270,3270,3490,3750,3320,2850,2650,2650,2590,2670,2950,3110,3140,3280,3210,3200,3240,3220,3360,3460,3600,3800,4050,4360,4720,4730,5080,5360,5640,5920,6000,6110,6260,6310,6450,6490,5690
Philippines,1100,1120,1140,1180,1180,1210,1220,1250,1270,1290,1310,1340,1370,1450,1460,1500,1590,1630,1670,1710,1750,1760,1780,1760,1590,1430,1440,1470,1530,1580,1590,1540,1510,1500,1530,1570,1620,1670,1620,1630,1670,1680,1710,1760,1840,1890,1960,2050,2110,2100,2220,2260,2380,2500,2610,2740,2890,3040,3190,3340,2980
Palau,,,,,,,,,,,,,,,,,,,,,,,,,,,,,,,,,,,,,,,,,9340,9800,10k,9610,10k,10.5k,10.6k,11k,10.6k,10.1k,10.4k,11.2k,11.4k,11.1k,11.8k,12.6k,12.6k,12.3k,12.7k,12.1k,
Papua New Guinea,1010,1060,1100,1130,1200,1290,1340,1360,1390,1470,1590,1650,1710,1770,1780,1720,1620,1590,1680,1670,1590,1540,1510,1510,1470,1490,1520,1520,1530,1470,1390,1490,1660,1920,1980,1870,1970,1850,1730,1720,1640,1610,1570,1570,1580,1650,1700,1780,1740,1810,1950,1930,1980,2010,2240,2340,2420,2450,2400,2490,2350
Poland,,,,,,,,,,,,,,,,,,,,,,,,,,,,,,,5950,5510,5630,5830,6120,6550,6940,7390,7730,8090,8550,8660,8840,9150,9610,9950,10.6k,11.3k,11.8k,12.1k,12.6k,13.2k,13.4k,13.5k,14k,14.6k,15.1k,15.8k,16.6k,17.4k,16.9k
Puerto Rico,5830,6130,6510,6920,7260,7810,8290,8740,9140,9910,10.6k,11.1k,11.7k,12.1k,12.2k,11.9k,12.5k,13k,13.8k,14.7k,15.1k,15.1k,14.7k,14.2k,14.9k,15.2k,15.8k,16.6k,17.4k,18k,17.3k,17.6k,18.3k,19k,19.6k,20.3k,20.5k,21.3k,22.4k,23.5k,24.2k,25.6k,25.8k,25.8k,28.1k,27.6k,27.3k,27.1k,26.8k,26.4k,26.4k,26.6k,27k,27.2k,27.3k,27.5k,27.7k,27.6k,27.5k,27.9k,26.8k
Portugal,4500,4710,4990,5260,5590,6030,6320,6840,7480,7710,8760,9380,10.1k,11.3k,11.3k,10.4k,10.8k,11.2k,11.4k,12k,12.4k,12.5k,12.7k,12.6k,12.3k,12.6k,13.1k,13.9k,15k,16k,16.7k,17.4k,17.6k,17.3k,17.4k,18.1k,18.6k,19.4k,20.2k,20.9k,21.5k,21.8k,21.8k,21.5k,21.9k,22k,22.3k,22.8k,22.9k,22.1k,22.5k,22.1k,21.3k,21.3k,21.5k,22k,22.5k,23.4k,24.1k,24.7k,22.8k
Paraguay,1360,1420,1430,1460,1480,1530,1520,1610,1640,1680,1730,1780,1850,1940,2050,2140,2250,2440,2660,2900,3150,3350,3210,3020,3010,3060,3120,3260,3360,3500,3550,3580,3550,3630,3730,3900,3870,3940,3860,3730,3570,3470,3410,3490,3570,3590,3700,3850,4040,3980,4360,4480,4390,4690,4870,4950,5090,5270,5370,5280,5160
Palestine,,,,,,,,,,,,,,,,,,,,,,,,,,,,,,,,,,,1870,1910,1850,2030,2260,2390,2130,1880,1600,1780,2120,2300,2220,2250,2350,2480,2560,2730,2830,2890,2820,2860,3040,3030,2990,2950,2550
Qatar,,,,,,,,,,,,,,,,,,,,,,,,,,,,,,,,,,,,,,,,,60.8k,60.9k,62.6k,61.1k,65.9k,61.6k,65.8k,65.2k,65k,63.2k,67.4k,69.7k,67.7k,67.1k,67.2k,67.4k,67.2k,64.5k,63.9k,63.3k,59.9k
Romania,,,,,,,,,,,,,,,,,,,,,,,,,,,,,,,5380,4730,4350,4420,4610,4900,5110,4870,4790,4780,4900,5230,5630,5800,6440,6780,7370,8020,8920,8500,8210,8410,8620,8980,9340,9660,10.2k,11k,11.5k,12.1k,11.7k
Russia,,,,,,,,,,,,,,,,,,,,,,,,,,,,,,9880,9570,9060,7740,7070,6180,5930,5710,5800,5510,5880,6490,6850,7210,7770,8360,8930,9690,10.5k,11.1k,10.2k,10.7k,11.1k,11.6k,11.7k,11.6k,11.4k,11.4k,11.6k,11.9k,12.1k,11.8k
Rwanda,351,329,360,319,274,287,299,310,322,346,356,349,340,342,336,319,369,365,385,416,438,447,440,452,417,418,420,400,399,389,379,380,425,418,220,302,330,352,354,343,351,367,406,408,433,465,496,521,564,583,610,642,681,695,720,764,789,799,845,901,849
Saudi Arabia,,,,,,,,,14.3k,14.5k,22.1k,25.5k,29.9k,35.4k,39.2k,33.9k,38k,38.7k,34.8k,36.8k,36.7k,35.2k,26.2k,20.6k,18.5k,15.8k,17.6k,15.7k,17k,16.3k,18.1k,20.2k,20.3k,19.5k,19.1k,18.7k,18.8k,18.7k,18.9k,17.8k,18.4k,17.7k,16.7k,18k,18.9k,19.4k,19.4k,19.2k,19.8k,18.9k,19.3k,20.6k,21k,20.9k,21.1k,21.4k,21.3k,20.7k,20.8k,20.5k,19.4k
Sudan,897,874,910,860,827,859,805,793,786,773,795,789,726,709,765,857,968,995,905,831,816,847,867,855,787,715,732,814,790,839,773,810,841,857,843,870,897,966,980,983,1020,1050,1090,1140,1150,1210,1290,1400,1470,1480,1490,1630,1830,1900,1990,2020,2040,2090,2100,2020,1940
Senegal,1330,1330,1290,1280,1290,1270,1270,1220,1260,1150,1210,1170,1210,1110,1120,1170,1240,1180,1110,1160,1170,1200,1260,1150,1160,1170,1170,1200,1160,1170,1120,1120,1100,1080,1050,1080,1080,1080,1120,1160,1180,1200,1170,1210,1230,1250,1250,1250,1260,1260,1270,1250,1270,1260,1300,1350,1390,1460,1500,1530,1500
Singapore,3500,3660,3830,4110,3880,4090,4390,4830,5400,6050,6790,7490,8330,9050,9440,9670,10.3k,10.8k,11.5k,12.4k,13.5k,14.3k,14.7k,15.7k,16.8k,16.6k,16.9k,18.4k,20k,21.4k,22.6k,23.4k,24.2k,26.3k,28.3k,29.5k,30.4k,31.9k,30.1k,31.6k,33.9k,32.6k,33.6k,35.6k,38.6k,40.5k,42.8k,44.7k,43.2k,42k,47.2k,49.2k,50.1k,51.7k,53.1k,54k,55.1k,57.5k,59.3k,59.4k,56.3k
Solomon Islands,,,,,,,,,,,,,,,,,,,,,1810,1720,1640,1650,1600,1500,1460,1540,1510,1530,1520,1570,1720,1740,1830,1960,1930,1860,1830,1780,1480,1330,1260,1300,1360,1400,1430,1460,1510,1510,1600,1680,1660,1710,1680,1660,1710,1750,1770,1750,1630
Sierra Leone,373,374,385,385,404,426,426,419,420,447,477,484,478,479,486,484,471,462,462,473,485,488,500,479,487,449,442,459,415,408,415,422,342,348,343,316,321,300,303,291,302,273,330,345,352,354,357,376,387,390,402,418,470,555,568,441,458,467,473,489,468
El Salvador,,,,,,2360,2460,2520,2530,2550,2550,2580,2670,2740,2810,2830,2910,3040,3140,2950,2560,2250,2080,2080,2080,2070,2040,2070,2080,2070,2140,2150,2260,2360,2440,2530,2520,2580,2620,2660,2670,2670,2700,2730,2740,2800,2910,2950,3010,2930,2980,3080,3160,3210,3250,3310,3380,3440,3510,3580,3280
San Marino,,,,,,,,,,,,,,,,,,,,,,,,,,,,,,,,,,,,,,53.5k,56.9k,61.4k,62k,64.6k,64k,65.6k,67.7k,68.4k,70.1k,74.2k,72.9k,64.6k,60.3k,54.5k,49.9k,48.9k,48k,48.6k,49.4k,49.2k,49.8k,50.9k,
Serbia,,,,,,,,,,,,,,,,,,,,,,,,,,,,,,,,,,,,3060,3260,3500,3630,3300,3520,3770,4010,4200,4580,4850,5120,5470,5810,5670,5740,5900,5890,6090,6020,6160,6400,6570,6900,7230,7200
South Sudan,,,,,,,,,,,,,,,,,,,,,,,,,,,,,,,,,,,,,,,,,,,,,,,,,1510,1510,1540,1420,742,820,832,731,,,,,
Sao Tome and Principe,,,,,,,,,,,,,,,,,,,,,,,,,,,,,,,,,,,,,,,,,,841,845,883,897,938,997,1000,1050,1050,1090,1110,1120,1160,1210,1230,1260,1280,1300,1300,1320
Suriname,3340,3400,3440,3540,3670,4000,4640,5060,5310,5440,5520,5720,5700,5650,5720,5920,6460,7130,7590,7530,6850,7330,7010,6710,6540,6600,6550,6030,6370,6500,6090,6130,6040,5540,5640,5550,5530,5770,5830,5680,5730,5900,5990,6290,6750,6970,7290,7570,7800,7940,8260,8640,8770,8930,8860,8460,7970,8010,8330,8340,7070
Slovak Republic,,,,,,,,,,,,,,,,,,,,,,,,,,,,,,,,,7700,7820,8270,8730,9290,9820,10.2k,10.2k,10.3k,10.7k,11.2k,11.8k,12.4k,13.2k,14.4k,15.9k,16.8k,15.8k,16.8k,17.2k,17.5k,17.6k,18k,18.9k,19.3k,19.8k,20.5k,21k,20k
Slovenia,,,,,,,,,,,,,,,,,,,,,,,,,,,,,,,,,,,,15.1k,15.6k,16.4k,17k,17.9k,18.5k,19.1k,19.7k,20.3k,21.2k,21.9k,23.1k,24.6k,25.4k,23.3k,23.5k,23.7k,23k,22.7k,23.3k,23.8k,24.6k,25.7k,26.8k,27.4k,25.8k
Sweden,18.1k,19k,19.7k,20.6k,21.9k,22.5k,22.8k,23.3k,24.1k,25.1k,26.7k,26.7k,27.3k,28.3k,29.1k,29.7k,29.9k,29.4k,29.8k,30.9k,31.3k,31.4k,31.8k,32.4k,33.7k,34.4k,35.2k,36.3k,37.1k,37.8k,37.8k,37.1k,36.5k,35.5k,36.6k,37.9k,38.4k,39.6k,41.2k,43k,44.9k,45.5k,46.3k,47.2k,49.1k,50.3k,52.3k,53.7k,53.1k,50.3k,52.9k,54.1k,53.4k,53.6k,54.5k,56.3k,56.8k,57.5k,57.9k,58.1k,56.1k
Eswatini,,,,,,,,,,,1230,1350,1390,1470,1510,1670,1580,1550,1520,1510,1640,1820,1780,1740,1780,1790,1940,2150,2220,2420,2850,2820,2840,2860,2860,2940,2990,3030,3050,3100,3120,3130,3240,3360,3470,3660,3860,4010,4010,4040,4170,4230,4430,4570,4580,4640,4650,4700,4760,4820,4690
Seychelles,2830,2620,2760,2970,3060,2960,3280,3220,3380,3300,3510,3990,4140,4440,4420,4460,5080,4670,5620,6450,6120,5550,5460,5370,5580,6150,6100,6100,6410,7080,7540,7650,8160,8490,8200,8010,8280,9160,9740,9730,9790,9560,9380,8930,8710,9450,10.1k,11.1k,10.6k,10.5k,10.8k,12k,12k,12.5k,12.9k,13.2k,13.6k,14.1k,14.1k,14.2k,12.6k
Turks and Caicos Islands,,,,,,,,,,,,,,,,,,,,,,,,,,,,,,,,,,,,,,,,,,,,,,,,,,,21k,,,,,,,,,,
Chad,697,693,716,691,660,652,628,621,607,636,635,607,599,536,550,586,592,593,579,446,411,406,418,472,470,557,519,491,549,557,517,544,569,464,495,485,479,489,505,484,462,497,519,573,737,834,810,809,806,813,893,864,909,929,961,957,869,818,812,814,783
Togo,375,416,427,444,498,559,589,594,595,631,622,602,630,638,654,655,627,657,713,659,733,686,638,581,591,603,592,577,597,604,587,570,535,445,501,526,557,617,584,580,559,548,554,577,557,517,517,497,503,517,534,553,574,593,612,631,649,661,677,697,693
Thailand,571,584,609,639,662,695,750,790,830,859,929,947,960,1030,1050,1070,1140,1230,1320,1360,1400,1460,1510,1560,1620,1670,1730,1860,2070,2280,2500,2690,2870,3080,3300,3530,3690,3550,3240,3350,3460,3540,3730,3970,4190,4340,4530,4750,4800,4740,5080,5090,5440,5560,5590,5740,5920,6140,6380,6510,6090
Tajikistan,,,,,,,,,,,,,,,,,,,,,,,,,,1380,1380,1320,1460,1320,1280,1170,813,669,518,447,367,368,381,390,416,448,488,532,576,603,633,669,707,719,750,787,827,868,905,936,976,1020,1070,1120,1150
Turkmenistan,,,,,,,,,,,,,,,,,,,,,,,,,,,,2790,3020,2820,3710,3440,2850,2810,2260,2050,2150,1880,1980,2280,2380,2460,2440,2500,2590,2900,3180,3490,3950,4130,4440,5010,5460,5910,6400,6690,6990,7320,7650,8000,
Timor-Leste,,,,,,,,,,,,,,,,,,,,,,,,,,,,,,,,,,,,,,,,,641,732,667,635,622,625,587,635,694,750,806,838,873,876,898,908,920,866,840,978,876
Tonga,,,,,,,,,,,,,,,,,,,,,,2230,2330,2370,2410,2570,2610,2690,2630,2630,2570,2730,2730,2830,2970,3180,3220,3250,3320,3420,3440,3550,3700,3760,3650,3630,3590,3570,3710,3500,3530,3780,3850,3890,4000,4060,4310,4420,4380,4350,
Trinidad and Tobago,4010,4480,4530,4710,5010,5000,5160,5230,5470,5580,5730,5720,5980,5990,6130,6130,6430,6920,7510,7670,8350,8590,8770,7740,7190,6810,6510,6160,5870,5780,5820,5970,6530,6450,6650,6870,7340,7880,8510,9180,9790,10.2k,10.9k,12.4k,13.4k,14.1k,15.9k,16.6k,17.1k,16.2k,16.7k,16.5k,16.6k,16.9k,16.6k,16.8k,15.8k,15.2k,15.2k,14.9k,13.7k
Tunisia,,,,,,1110,1130,1110,1190,1220,1250,1360,1560,1520,1600,1680,1770,1790,1860,1940,2030,2080,2010,2050,2100,2160,2080,2170,2120,2110,2220,2260,2380,2390,2420,2430,2560,2670,2760,2900,3000,3090,3100,3230,3400,3490,3640,3840,3970,4040,4140,4020,4150,4220,4300,4300,4310,4340,4410,4400,3980
Turkey,3170,3130,3230,3440,3540,3560,3860,3950,4120,4190,4220,4350,4560,4600,4740,4970,5360,5420,5380,5230,4990,5110,5170,5310,5540,5660,5940,6380,6400,6310,6770,6710,6930,7340,6890,7320,7730,8190,8250,7860,8280,7690,8060,8410,9100,9790,10.3k,10.7k,10.7k,10k,10.7k,11.8k,12.1k,12.9k,13.3k,13.9k,14.2k,15k,15.2k,15.1k,15.2k
Tuvalu,,,,,,,,,,,,,,,,,,,,,,,,,,,,,,,2410,2460,2510,2590,2830,2680,2510,2760,3190,3140,3090,3110,3320,3160,3070,2920,2950,3100,3320,3140,3020,3220,3060,3170,3180,3430,3490,3590,3640,3940,4070
Tanzania,,,,,,,,,,,,,,,,,,,,,,,,,,,,,494,497,516,509,495,484,477,479,488,493,500,512,522,540,562,583,610,637,660,685,704,720,743,777,788,817,846,872,904,937,959,985,976
Uganda,,,,,,,,,,,,,,,,,,,,,,,402,412,398,372,361,362,378,388,399,408,408,427,441,477,504,515,525,551,551,562,592,611,632,651,699,734,774,800,819,868,873,875,890,904,913,913,934,963,958
Ukraine,,,,,,,,,,,,,,,,,,,,,,,,,,,,4020,4110,4240,3970,3620,3260,2800,2170,1920,1740,1700,1690,1700,1820,2010,2130,2350,2660,2760,2980,3230,3320,2840,2970,3140,3150,3160,3120,2830,2900,2990,3110,3220,3120
Uruguay,5470,5540,5380,5330,5400,5400,5500,5250,5300,5570,5670,5640,5560,5570,5730,6070,6280,6340,6630,7000,7360,7420,6650,5930,5830,5870,6350,6820,6870,6900,6880,7070,7580,7720,8220,8050,8430,9090,9440,9210,9000,8640,7970,8040,8450,9080,9440,10k,10.7k,11.2k,12k,12.6k,13k,13.5k,13.9k,13.9k,14.1k,14.3k,14.3k,14.3k,13.4k
United States,17.6k,17.7k,18.5k,19k,19.8k,20.8k,22k,22.3k,23.1k,23.6k,23.2k,23.7k,24.6k,25.8k,25.4k,25.1k,26.2k,27.2k,28.4k,28.9k,28.6k,29k,28.2k,29.3k,31.1k,32.1k,32.9k,33.8k,34.9k,35.8k,36.1k,35.5k,36.3k,36.8k,37.8k,38.4k,39.4k,40.6k,41.9k,43.4k,44.7k,44.7k,45.1k,46k,47.3k,48.5k,49.4k,49.9k,49.3k,47.6k,48.5k,48.9k,49.6k,50.2k,51.1k,52.2k,52.7k,53.6k,55k,55.9k,53.7k
Uzbekistan,,,,,,,,,,,,,,,,,,,,,,,,,,,,1140,1210,1220,1200,1170,1010,969,901,876,874,903,927,956,979,1010,1030,1070,1130,1200,1270,1370,1470,1560,1630,1710,1810,1920,2030,2140,2230,2290,2370,2460,2460
St. Vincent and the Grenadines,1750,1800,1850,1710,1760,1750,1730,1550,1640,1670,1830,1860,2320,2040,1840,1680,1830,2050,2230,2290,2320,2410,2490,2530,2680,2820,2960,2950,3350,3380,3600,3520,3670,3910,3860,4160,4220,4370,4550,4680,4750,4830,5130,5510,5730,5860,6310,6530,6640,6510,6290,6260,6340,6450,6510,6580,6690,6730,6850,6860,6650
Venezuela,12.5k,12.4k,13k,13k,14k,14.1k,13.8k,13.8k,14.3k,14k,14.6k,14.3k,14.1k,14.7k,14.6k,14.6k,15.2k,15.7k,15.7k,15.3k,14.3k,13.8k,13.2k,12.4k,12.2k,11.9k,12.4k,12.5k,12.9k,11.5k,12k,12.8k,13.3k,13k,12.5k,12.7k,12.4k,12.9k,12.7k,11.7k,11.9k,12.1k,10.8k,9830,11.4k,12.4k,13.4k,14.4k,14.9k,14.2k,13.8k,14.2k,14.7k,14.7k,14k,,,,,,
Virgin Islands (U.S.),,,,,,,,,,,,,,,,,,,,,,,,,,,,,,,,,,,,,,,,,,,36.7k,36.6k,37.7k,39k,40.5k,42.1k,42.5k,39.7k,40k,36.8k,31.3k,29.5k,29.3k,29.4k,29.8k,29.7k,30.2k,,
Vietnam,,,,,,,,,,,,,,,,,,,,,,,,,378,383,385,390,401,421,433,450,478,507,542,583,628,670,700,724,765,804,847,897,955,1020,1080,1150,1200,1250,1320,1390,1440,1510,1580,1670,1750,1850,1960,2080,2120
Vanuatu,,,,,,,,,,,,,,,,,,,,2940,2540,2580,2570,2590,2770,2740,2670,2540,2440,2410,2630,2630,2620,2570,2730,2690,2690,2770,2760,2720,2820,2660,2460,2500,2540,2610,2760,2770,2860,2880,2840,2850,2800,2740,2740,2680,2730,2830,2840,2870,2540
Samoa,,,,,,,,,,,,,,,,,,,,,,,2280,2270,2290,2370,2490,2490,2450,2530,2410,2340,2310,2380,2300,2430,2590,2590,2640,2680,2860,3040,3150,3270,3400,3520,3570,3770,3780,3580,3570,3690,3500,3460,3440,3560,3820,3850,3750,3870,3740
Yemen,,,,,,,,,,,,,,,,,,,,,,,,,,,,,,,1000,1010,1040,1030,1050,1060,1070,1090,1120,1130,1170,1180,1190,1200,1210,1240,1250,1250,1260,1270,1330,1130,1130,1150,1120,785,694,643,633,,
South Africa,4620,4690,4850,5080,5350,5530,5630,5880,5970,6090,6240,6340,6270,6390,6600,6540,6520,6360,6390,6470,6720,6900,6680,6380,6530,6280,6130,6110,6220,6230,6060,5850,5590,5520,5560,5620,5750,5790,5730,5780,5940,6020,6160,6270,6470,6730,7020,7300,7430,7220,7330,7450,7500,7560,7580,7560,7480,7480,7430,7350,6750
Zambia,1500,1470,1390,1400,1520,1720,1570,1650,1620,1560,1580,1530,1610,1550,1590,1500,1540,1420,1380,1300,1290,1330,1250,1180,1140,1120,1090,1090,1120,1080,1040,1020,975,1020,907,910,941,951,921,938,949,973,991,1030,1080,1130,1180,1250,1310,1390,1490,1530,1590,1620,1640,1640,1650,1660,1680,1650,1560
Zimbabwe,995,1020,1000,1030,985,999,981,1030,1010,1100,1310,1370,1440,1420,1460,1390,1350,1220,1150,1150,1270,1380,1360,1340,1260,1300,1280,1250,1310,1330,1390,1430,1270,1270,1360,1350,1470,1490,1520,1500,1450,1460,1330,1100,1030,971,932,890,726,803,948,1070,1220,1230,1230,1230,1220,1260,1290,1170,1060
